{"Unweighted Average Recall": 0.2015877987335739, "Cohen's Kappa": 0.007953593307057139, "Spearman's rho": 0.4588338403702893, "_timestamp": 1728273344.10673, "_runtime": 3.7081410884857178, "_step": 0, "_wandb": {"runtime": 3}}