{"mean_test_custom_score": 0.4330010014716613, "std_test_custom_score": 0.01229329586362956, "rank_test_custom_score": 2, "_timestamp": 1728268681.297049, "_runtime": 21.84955596923828, "_step": 11, "Best n_estimators": 100, "Best max_depth": 10, "Best min_samples_split": 10, "Best min_samples_leaf": 1, "Unweighted Average Recall": 0.26153846153846155, "Cohen's Kappa": 0.016248678773902125, "Spearman's rho": 0.47383753122460215, "_wandb": {"runtime": 21}}