{"mean_test_custom_score": 0.4328943614520141, "std_test_custom_score": 0.01064685306560999, "rank_test_custom_score": 4, "_timestamp": 1728267277.894809, "_runtime": 16.601821899414062, "_step": 10, "Best Parameters": {"n_estimators": 50, "min_samples_split": 5, "min_samples_leaf": 1, "max_depth": 30}, "_wandb": {"runtime": 18}}