{"mean_test_custom_score": 0.4330010014716613, "std_test_custom_score": 0.01229329586362956, "rank_test_custom_score": 2, "_timestamp": 1728267904.897836, "_runtime": 13.77983808517456, "_step": 9, "_wandb": {"runtime": 12}}