{"mean_test_custom_score": 0.4330010014716613, "std_test_custom_score": 0.01229329586362956, "rank_test_custom_score": 1, "_timestamp": 1728274196.1023822, "_runtime": 245.52830815315247, "_step": 11, "Best C": 0.1, "Best gamma": 1.0, "Unweighted Average Recall": 0.2, "Cohen's Kappa": 0.0, "Spearman's rho": 0.46524527825795137, "_wandb": {"runtime": 245}}