{"Unweighted Average Recall": 0.508999425012189, "Cohen's Kappa": 0.1355211603542521, "Spearman's rho": 0.40692930515530845, "_timestamp": 1728268804.684048, "_runtime": 10.79102897644043, "_step": 0, "_wandb": {"runtime": 10}}