{"mean_test_custom_score": 0.4330010014716613, "std_test_custom_score": 0.01229329586362956, "rank_test_custom_score": 1, "_timestamp": 1728272873.8954098, "_runtime": 28.280491828918457, "_step": 11, "Best n_estimators": 20, "Best max_depth": 10, "Best min_samples_split": 10, "Best min_samples_leaf": 2, "Unweighted Average Recall": 0.26153846153846155, "Cohen's Kappa": 0.016248678773902125, "Spearman's rho": 0.47383753122460215, "_wandb": {"runtime": 28}}