{"mean_test_custom_score": 0.43292788838434254, "std_test_custom_score": 0.011873928766387116, "rank_test_custom_score": 8, "_timestamp": 1728267823.714918, "_runtime": 13.855486869812012, "_step": 10, "Best Parameters": {"n_estimators": 200, "min_samples_split": 5, "min_samples_leaf": 2, "max_depth": 30}, "_wandb": {"runtime": 15}}