{"mean_test_custom_score": 0.36408029471007924, "std_test_custom_score": 0.00792417932834999, "rank_test_custom_score": 7, "_timestamp": 1728275078.148662, "_runtime": 351.2633321285248, "_step": 11, "Best n_estimators": 100, "Best max_depth": 7, "Best learning_rate": 0.03162277660168379, "Best subsample": 0.9, "Best colsample_bytree": 0.7, "Best gamma": 0.3, "Unweighted Average Recall": 0.28097291691762993, "Cohen's Kappa": 0.04016569652584845, "Spearman's rho": 0.4689117034346798, "_wandb": {"runtime": 351}}