{"Unweighted Average Recall": 0.5047565152816429, "Cohen's Kappa": 0.13552138454666074, "Spearman's rho": 0.46813926805707595, "_timestamp": 1728274484.6067479, "_runtime": 14.729431867599487, "_step": 0, "_wandb": {"runtime": 13}}