{"mean_test_custom_score": 0.433981959914216, "std_test_custom_score": 0.012118576813650958, "rank_test_custom_score": 1, "_timestamp": 1728267729.802655, "_runtime": 18.310499906539917, "_step": 10, "Best Parameters": {"n_estimators": 100, "min_samples_split": 10, "min_samples_leaf": 1, "max_depth": 30}, "_wandb": {"runtime": 20}}