{"Unweighted Average Recall": 0.2870299741791537, "Cohen's Kappa": 0.07273671687806826, "Spearman's rho": 0.49162915082445713, "_timestamp": 1728273712.473121, "_runtime": 41.51646089553833, "_step": 0, "_wandb": {"runtime": 41}}