{"mean_test_custom_score": 0.43514615492935904, "std_test_custom_score": 0.017289375203338765, "rank_test_custom_score": 1, "_timestamp": 1728267974.209743, "_runtime": 11.245917081832886, "_step": 10, "Best n_estimators": 50, "_wandb": {"runtime": 12}}