{"mean_test_custom_score": 0.4310463455390902, "std_test_custom_score": 0.012475402241400651, "rank_test_custom_score": 10, "_timestamp": 1728268009.880314, "_runtime": 21.323272228240967, "_step": 10, "Best n_estimators": 100, "_wandb": {"runtime": 22}}