{"mean_test_custom_score": 0.4330010014716613, "std_test_custom_score": 0.01229329586362956, "rank_test_custom_score": 1, "_timestamp": 1728269033.9413881, "_runtime": 10.131606101989746, "_step": 11, "Best n_estimators": 10, "Best max_depth": 1, "Best min_samples_split": 20, "Best min_samples_leaf": 8, "Unweighted Average Recall": 0.2, "Cohen's Kappa": 0.0, "Spearman's rho": 0.46524527825795137, "_wandb": {"runtime": 9}}