{"mean_test_custom_score": 0.4325357082440492, "std_test_custom_score": 0.011436073344947423, "rank_test_custom_score": 9, "_timestamp": 1728268415.73442, "_runtime": 16.559383153915405, "_step": 11, "Best n_estimators": 50, "Best max_depth": 1, "Best min_samples_split": 2, "Best max_features": "log2", "Unweighted Average Recall": 0.2, "Cohen's Kappa": 0.0, "Spearman's rho": 0.46524527825795137, "_wandb": {"runtime": 16}}